soundlog_id,author,language_code,voice_type,creation_date,audio_size,session_type,expected_response,overall_score,phoneme_response,xml_path,audio_path
0222c1ec-0cc3-4748-9ab8-c6a3913a3e9d,81696e5c-84dc-4e3b-b4b2-85b5717fbc67,de-DE,male,2022-09-12T13:21:00Z,61484,ListenForPhrasesGMMSession,Wo wohnst du?,10,,mrh/02//0222c1ec-0cc3-4748-9ab8-c6a3913a3e9d.xml,mrh/02//0222c1ec-0cc3-4748-9ab8-c6a3913a3e9d.wav
04ff859a-e533-4d9a-8a5b-84ec7dff6b39,168a2a90-9810-420a-b6b0-579ebed6473c,de-DE,male,2022-09-14T06:45:15Z,79404,ListenForPhrasesGMMSession,Wie heißt das auf Deutsch?,10,,mrh/04//04ff859a-e533-4d9a-8a5b-84ec7dff6b39.xml,mrh/04//04ff859a-e533-4d9a-8a5b-84ec7dff6b39.wav
053aaca5-55c2-44ab-bfd6-cf086589b650,ed2d940e-4347-49ad-9499-33570519f4eb,de-DE,male,2022-09-15T17:12:43Z,58924,ListenForPhrasesGMMSession,Hat sie ein Fahrrad?,10,,mrh/05//053aaca5-55c2-44ab-bfd6-cf086589b650.xml,mrh/05//053aaca5-55c2-44ab-bfd6-cf086589b650.wav
076334cb-00a0-4753-ac25-9d092eaffa32,0607a6c5-f3e8-4ace-8b13-a48c2038fe62,de-DE,male,2022-09-15T11:47:32Z,67244,ListenForPhrasesGMMSession,Sie spenden Kleidung.,10,,mrh/07//076334cb-00a0-4753-ac25-9d092eaffa32.xml,mrh/07//076334cb-00a0-4753-ac25-9d092eaffa32.wav
07952a73-e95b-4070-9caf-aa0afd6f6e0c,ceed48e7-d4a9-4ff1-a36e-9400009bf22d,de-DE,male,2022-09-11T03:44:03Z,58924,ListenForPhrasesGMMSession,Auf Wiedersehen,10,,mrh/07//07952a73-e95b-4070-9caf-aa0afd6f6e0c.xml,mrh/07//07952a73-e95b-4070-9caf-aa0afd6f6e0c.wav
096edf5d-0204-4241-84bd-ab6d3764ed63,97a95888-dee8-4dbc-b038-dd4a7e8cff85,de-DE,male,2022-09-14T02:55:31Z,35884,ListenForPhrasesGMMSession,ein Fisch,10,,mrh/09//096edf5d-0204-4241-84bd-ab6d3764ed63.xml,mrh/09//096edf5d-0204-4241-84bd-ab6d3764ed63.wav
0b027319-1058-485a-b2d0-2f79a62917b0,c787bd18-6321-4c00-b48e-228ee677029f,de-DE,male,2022-09-15T15:17:51Z,27564,ListenForPhrasesGMMSession,rennt,10,,mrh/0b//0b027319-1058-485a-b2d0-2f79a62917b0.xml,mrh/0b//0b027319-1058-485a-b2d0-2f79a62917b0.wav
10da50cf-58c3-44a1-9a4a-824b3c3b0c16,63a2245d-4943-43f2-9662-102c63f7b30f,de-DE,male,2022-09-13T00:08:06Z,64044,ListenForPhrasesGMMSession,Die Kinder schreiben.,10,,mrh/10//10da50cf-58c3-44a1-9a4a-824b3c3b0c16.xml,mrh/10//10da50cf-58c3-44a1-9a4a-824b3c3b0c16.wav
12300111-81eb-46c8-87d2-4ec1101929a9,28d676c3-037a-4a9f-9494-53a8e2b35b72,de-DE,male,2022-09-14T18:19:00Z,92204,ListenForPhrasesGMMSession,In China spricht man Chinesisch.,10,,mrh/12//12300111-81eb-46c8-87d2-4ec1101929a9.xml,mrh/12//12300111-81eb-46c8-87d2-4ec1101929a9.wav
14b6fe9a-dcec-4e39-93ee-4b3b7a14b276,77e1862d-217f-4b8e-86e4-217787d467e5,de-DE,male,2022-09-13T19:20:06Z,81964,ListenForPhrasesGMMSession,Sie zelten nahe beim See.,10,,mrh/14//14b6fe9a-dcec-4e39-93ee-4b3b7a14b276.xml,mrh/14//14b6fe9a-dcec-4e39-93ee-4b3b7a14b276.wav
1716ce5d-f5ff-4c47-bcb0-bb2afee00def,32ddfe15-a8e0-44db-9b14-06e1d40fcaf4,de-DE,male,2022-09-15T16:38:25Z,74924,ListenForPhrasesGMMSession,Die Mädchen rennen.,10,,mrh/17//1716ce5d-f5ff-4c47-bcb0-bb2afee00def.xml,mrh/17//1716ce5d-f5ff-4c47-bcb0-bb2afee00def.wav
197681c5-56d8-4fc6-a548-4f9a18a568a2,ed3d9258-86a0-4fb8-beaa-08376631a371,de-DE,male,2022-09-12T08:21:38Z,37164,ListenForPhrasesGMMSession,Er rennt.,10,,mrh/19//197681c5-56d8-4fc6-a548-4f9a18a568a2.xml,mrh/19//197681c5-56d8-4fc6-a548-4f9a18a568a2.wav
19be2043-774a-41ba-b1b8-a2417785e3cf,2b04f45c-0ed4-4a6d-8f22-9b2ec43067f7,de-DE,male,2022-09-13T21:18:15Z,56364,ListenForPhrasesGMMSession,Ich heiße Thomas.,10,,mrh/19//19be2043-774a-41ba-b1b8-a2417785e3cf.xml,mrh/19//19be2043-774a-41ba-b1b8-a2417785e3cf.wav
1b37d3ff-b672-4d2a-a24f-d72d36c05805,c1d046ef-cfbc-44be-b0d8-030a7db84367,de-DE,male,2022-09-12T00:45:25Z,133164,ListenForPhrasesGMMSession,"Es ist legal, das Haus eines Freundes zu betreten,",10,,mrh/1b//1b37d3ff-b672-4d2a-a24f-d72d36c05805.xml,mrh/1b//1b37d3ff-b672-4d2a-a24f-d72d36c05805.wav
1c854af5-3a76-4faa-8dd9-a662129f65eb,6df2b97f-bffa-4a41-818c-29103b118299,de-DE,male,2022-09-13T16:07:51Z,71724,ListenForPhrasesGMMSession,Das Mädchen isst.,10,,mrh/1c//1c854af5-3a76-4faa-8dd9-a662129f65eb.xml,mrh/1c//1c854af5-3a76-4faa-8dd9-a662129f65eb.wav
1e128660-1847-4803-822e-75125432f5a2,cfee5751-d998-467a-8f22-989978d8da48,de-DE,male,2022-09-11T14:10:30Z,53804,ListenForPhrasesGMMSession,Ich bin Grundschüler.,10,,mrh/1e//1e128660-1847-4803-822e-75125432f5a2.xml,mrh/1e//1e128660-1847-4803-822e-75125432f5a2.wav
21428594-03be-4799-b9a5-1b899749ba65,878256d5-9eaa-4fe7-ace3-d1030a8e3659,de-DE,male,2022-09-12T22:47:20Z,39084,ListenForPhrasesGMMSession,ser,10,,mrh/21//21428594-03be-4799-b9a5-1b899749ba65.xml,mrh/21//21428594-03be-4799-b9a5-1b899749ba65.wav
216a1e02-66b4-499e-9072-4aaf85d4270c,b5f6370a-36db-4ad8-88d4-2fc9e380be49,de-DE,male,2022-09-11T04:59:09Z,41004,ListenForPhrasesGMMSession,ein Hemd,10,,mrh/21//216a1e02-66b4-499e-9072-4aaf85d4270c.xml,mrh/21//216a1e02-66b4-499e-9072-4aaf85d4270c.wav
2271bea3-0edd-4633-bb70-0e833db8d483,9bcd1b8e-990b-4ac0-b999-cfa05dcb620c,de-DE,male,2022-09-11T22:55:01Z,163244,ListenForPhrasesGMMSession,"In Julias Brief steht, dass sie in der Nähe von Berlin ist.",10,,mrh/22//2271bea3-0edd-4633-bb70-0e833db8d483.xml,mrh/22//2271bea3-0edd-4633-bb70-0e833db8d483.wav
229c8dd5-9c5d-4d92-a750-930160b573ea,10f91f91-abac-4226-a7d4-26d9d8e370b3,de-DE,male,2022-09-12T02:53:11Z,143404,ListenForPhrasesGMMSession,"eins, zwei, drei, vier, fünf",10,,mrh/22//229c8dd5-9c5d-4d92-a750-930160b573ea.xml,mrh/22//229c8dd5-9c5d-4d92-a750-930160b573ea.wav
29c81351-0b79-458b-b188-eced46a4c4d5,6b6ffe83-dac3-4aa1-aee1-5beab2ff44b4,de-DE,male,2022-09-13T17:16:26Z,41004,ListenForPhrasesGMMSession,Guten Tag,10,,mrh/29//29c81351-0b79-458b-b188-eced46a4c4d5.xml,mrh/29//29c81351-0b79-458b-b188-eced46a4c4d5.wav
2e3a4ecd-320b-4841-a9d2-eddffc35c2aa,8fd7f874-00ac-4a11-87dc-a6abffd1f66f,de-DE,male,2022-09-13T21:40:14Z,46124,ListenForPhrasesGMMSession,rennt,10,,mrh/2e//2e3a4ecd-320b-4841-a9d2-eddffc35c2aa.xml,mrh/2e//2e3a4ecd-320b-4841-a9d2-eddffc35c2aa.wav
2e9b48fb-c0f3-4bb8-8961-f240b91f8245,82c68651-4ab8-402b-9738-c768dc18baa6,de-DE,male,2022-09-12T06:59:45Z,71724,ListenForPhrasesGMMSession,Welches Kleid gefällt dir besser?,10,,mrh/2e//2e9b48fb-c0f3-4bb8-8961-f240b91f8245.xml,mrh/2e//2e9b48fb-c0f3-4bb8-8961-f240b91f8245.wav
2ed91a0c-73e4-4e5f-bd8d-3c8df1cf7e2e,f995abc8-2d43-4478-b3b8-e094d7d5bcaa,de-DE,male,2022-09-14T18:16:00Z,66604,ListenForPhrasesGMMSession,"Nett, dich kennenzulernen.",10,,mrh/2e//2ed91a0c-73e4-4e5f-bd8d-3c8df1cf7e2e.xml,mrh/2e//2ed91a0c-73e4-4e5f-bd8d-3c8df1cf7e2e.wav
33575426-3e5a-4818-9b35-c04ee42ec520,930b2b03-375b-4031-9353-d310aaa14e0d,de-DE,male,2022-09-12T21:43:43Z,64684,ListenForPhrasesGMMSession,Hier sind vier Schlüssel.,10,,mrh/33//33575426-3e5a-4818-9b35-c04ee42ec520.xml,mrh/33//33575426-3e5a-4818-9b35-c04ee42ec520.wav
3e931e4e-0e7a-4b61-ae12-3e02fdc661b0,18e5a54e-19eb-102c-9376-0015c5afe2a9,de-DE,male,2022-09-13T00:41:45Z,76844,ListenForPhrasesGMMSession,"Es ist sicher, dieses Wasser zu trinken.",10,,mrh/3e//3e931e4e-0e7a-4b61-ae12-3e02fdc661b0.xml,mrh/3e//3e931e4e-0e7a-4b61-ae12-3e02fdc661b0.wav
3ee642ec-e026-48a0-a164-10e8dc532b72,5ebce6bb-6bdc-4a9a-930c-60b9b44dc6fc,de-DE,male,2022-09-14T16:43:31Z,356524,ListenForPhrasesGMMSession,Gestern habe ich ein Buch gekauft.,10,,mrh/3e//3ee642ec-e026-48a0-a164-10e8dc532b72.xml,mrh/3e//3ee642ec-e026-48a0-a164-10e8dc532b72.wav
3fcd814b-5a81-458f-9c21-0ce12e6dba09,034fa331-5732-44ee-89dd-c381d3c2fc9c,de-DE,male,2022-09-15T15:24:55Z,421804,ListenForPhrasesGMMSession,"Ich freue mich, dass jemand aus unserer Familie immer noch diesen Bauernhof besitzt.",10,,mrh/3f//3fcd814b-5a81-458f-9c21-0ce12e6dba09.xml,mrh/3f//3fcd814b-5a81-458f-9c21-0ce12e6dba09.wav
41a2bd11-7be0-4aa7-86f4-c21902685afe,b55c2367-6023-4535-9f5d-ad38aa864348,de-DE,male,2022-09-13T18:09:45Z,76844,ListenForPhrasesGMMSession,Das Buch kostet fünfzehn Dollar.,10,,mrh/41//41a2bd11-7be0-4aa7-86f4-c21902685afe.xml,mrh/41//41a2bd11-7be0-4aa7-86f4-c21902685afe.wav
44960d7f-7c1d-408d-92c1-3c0bbbf3b7c1,8fd7f874-00ac-4a11-87dc-a6abffd1f66f,de-DE,male,2022-09-14T13:58:01Z,48684,ListenForPhrasesGMMSession,Ja,10,,mrh/44//44960d7f-7c1d-408d-92c1-3c0bbbf3b7c1.xml,mrh/44//44960d7f-7c1d-408d-92c1-3c0bbbf3b7c1.wav
467981fb-a474-4ac1-91d8-fe9b6c551ae3,7cca82ed-9a22-4318-9aa5-139baf9e3ac3,de-DE,male,2022-09-12T20:08:18Z,63404,ListenForPhrasesGMMSession,Ich habe ein gelbes Ei.,10,,mrh/46//467981fb-a474-4ac1-91d8-fe9b6c551ae3.xml,mrh/46//467981fb-a474-4ac1-91d8-fe9b6c551ae3.wav
48318ce0-be20-43a1-990d-ba2ca6b74cde,e9424ba1-d76a-492f-8737-6a1cd05997eb,de-DE,male,2022-09-13T03:00:16Z,28204,ListenForPhrasesGMMSession,Bücher,10,,mrh/48//48318ce0-be20-43a1-990d-ba2ca6b74cde.xml,mrh/48//48318ce0-be20-43a1-990d-ba2ca6b74cde.wav
4b0b871d-2a02-46e5-bfbb-a5c3917b3acc,aea1f033-84ed-440b-83e1-72329ae26166,de-DE,male,2022-09-13T21:17:39Z,192044,ListenForPhrasesGMMSession,Spielen Sie ein Musikinstrument?,10,,mrh/4b//4b0b871d-2a02-46e5-bfbb-a5c3917b3acc.xml,mrh/4b//4b0b871d-2a02-46e5-bfbb-a5c3917b3acc.wav
4bb50a8d-4817-47c1-9bd7-60ac9bae1a42,9f5fdd86-58cd-4169-8f02-a302ddbc010d,de-DE,male,2022-09-14T00:19:33Z,53804,ListenForPhrasesGMMSession,Ich schreibe einen Brief.,10,,mrh/4b//4bb50a8d-4817-47c1-9bd7-60ac9bae1a42.xml,mrh/4b//4bb50a8d-4817-47c1-9bd7-60ac9bae1a42.wav
4c5d23e2-aed4-4b5a-a3a2-146ce9374fed,8049095c-c57d-49fb-863a-953ffb292748,de-DE,male,2022-09-15T20:13:22Z,66604,ListenForPhrasesGMMSession,Sie bürstet sich die Haare.,10,,mrh/4c//4c5d23e2-aed4-4b5a-a3a2-146ce9374fed.xml,mrh/4c//4c5d23e2-aed4-4b5a-a3a2-146ce9374fed.wav
4d0a3658-addb-4f58-a005-3751b8bbb298,862e9ad3-ce7f-4f09-877c-c65a60df735a,de-DE,male,2022-09-15T02:54:23Z,58924,ListenForPhrasesGMMSession,Es schneit.,10,,mrh/4d//4d0a3658-addb-4f58-a005-3751b8bbb298.xml,mrh/4d//4d0a3658-addb-4f58-a005-3751b8bbb298.wav
54440cd7-0601-481b-8783-6440d850577f,ac9f3135-c044-48e3-b7a2-6c60298ece4c,de-DE,male,2022-09-13T15:55:19Z,142764,ListenForPhrasesGMMSession,Das Spielzeug steht neben seinem rechten Fuß.,10,,mrh/54//54440cd7-0601-481b-8783-6440d850577f.xml,mrh/54//54440cd7-0601-481b-8783-6440d850577f.wav
56ae35bf-922f-4f8b-8bb4-a45da4e78b9e,5f9e7ceb-2527-40ae-a4e6-d4d908549d64,de-DE,male,2022-09-12T07:24:14Z,58924,ListenForPhrasesGMMSession,Wie viel Uhr ist es?,10,,mrh/56//56ae35bf-922f-4f8b-8bb4-a45da4e78b9e.xml,mrh/56//56ae35bf-922f-4f8b-8bb4-a45da4e78b9e.wav
57c66d84-0e50-417f-99b5-819632805de7,333d55ce-b752-4885-8bc6-8276d2715dcd,de-DE,male,2022-09-13T17:39:18Z,33964,ListenForPhrasesGMMSession,vier,10,,mrh/57//57c66d84-0e50-417f-99b5-819632805de7.xml,mrh/57//57c66d84-0e50-417f-99b5-819632805de7.wav
5960c3cf-60f3-4947-a73c-7ce49a7bd016,ae44235a-583e-4485-93f3-7b76ad233637,de-DE,male,2022-09-11T17:46:39Z,71724,ListenForPhrasesGMMSession,Ja. Ich spiele Ball.,10,,mrh/59//5960c3cf-60f3-4947-a73c-7ce49a7bd016.xml,mrh/59//5960c3cf-60f3-4947-a73c-7ce49a7bd016.wav
5a137f75-e1a6-4fd9-9e02-212adc7920bd,1a04fee9-fb54-4eba-a14c-986bd9269a6b,de-DE,male,2022-09-14T18:02:56Z,322604,ListenForPhrasesGMMSession,Der Hund frisst!,10,,mrh/5a//5a137f75-e1a6-4fd9-9e02-212adc7920bd.xml,mrh/5a//5a137f75-e1a6-4fd9-9e02-212adc7920bd.wav
5b3845b2-bf3c-4008-893e-8e5f7cfb5291,fdfd96c7-a450-4ace-8e73-ab619cc33f3c,de-DE,male,2022-09-12T02:06:42Z,64044,ListenForPhrasesGMMSession,Die Frau ist zu Hause.,10,,mrh/5b//5b3845b2-bf3c-4008-893e-8e5f7cfb5291.xml,mrh/5b//5b3845b2-bf3c-4008-893e-8e5f7cfb5291.wav
5c4fc47c-53fc-44f0-895f-a33df909bb18,22e7df54-abfa-4892-b90c-78ebe6cd4b11,de-DE,male,2022-09-13T23:11:20Z,93484,ListenForPhrasesGMMSession,Warum riecht der Hund schlecht?,10,,mrh/5c//5c4fc47c-53fc-44f0-895f-a33df909bb18.xml,mrh/5c//5c4fc47c-53fc-44f0-895f-a33df909bb18.wav
5deabdce-ec2c-4e9e-8e74-cc439b949ad4,22e7df54-abfa-4892-b90c-78ebe6cd4b11,de-DE,male,2022-09-13T23:13:44Z,108204,ListenForPhrasesGMMSession,Der Junge schläft im Wohnzimmer.,10,,mrh/5d//5deabdce-ec2c-4e9e-8e74-cc439b949ad4.xml,mrh/5d//5deabdce-ec2c-4e9e-8e74-cc439b949ad4.wav
5eb29a73-0275-4280-bc4e-302654e83e13,8d7a92b5-cefb-4f5d-b759-895cb066ba64,de-DE,male,2022-09-13T13:25:13Z,48684,ListenForPhrasesGMMSession,Mathematik,10,,mrh/5e//5eb29a73-0275-4280-bc4e-302654e83e13.xml,mrh/5e//5eb29a73-0275-4280-bc4e-302654e83e13.wav
5f20e700-d926-4bc4-9d90-4a476432d20d,1113912a-3a89-41f0-8661-62a935872cf3,de-DE,male,2022-09-15T18:53:03Z,68524,ListenForPhrasesGMMSession,Was ist das?,10,,mrh/5f//5f20e700-d926-4bc4-9d90-4a476432d20d.xml,mrh/5f//5f20e700-d926-4bc4-9d90-4a476432d20d.wav
6066ef5d-ed3c-428f-a64e-92a5d7a0a532,8eac675b-7d28-4dd3-8181-1fbbe7e5e1f7,de-DE,male,2022-09-14T14:33:49Z,102444,ListenForPhrasesGMMSession,Er verlässt das Büro.,10,,mrh/60//6066ef5d-ed3c-428f-a64e-92a5d7a0a532.xml,mrh/60//6066ef5d-ed3c-428f-a64e-92a5d7a0a532.wav
62f50fb9-e84d-4771-92f5-2e9d5580ccbd,aea1f033-84ed-440b-83e1-72329ae26166,de-DE,male,2022-09-13T23:12:01Z,117164,ListenForPhrasesGMMSession,Wie viel kostet dieser Fotoapparat?,10,,mrh/62//62f50fb9-e84d-4771-92f5-2e9d5580ccbd.xml,mrh/62//62f50fb9-e84d-4771-92f5-2e9d5580ccbd.wav
64b2ba47-74e9-4b3f-8b12-0d5b8f364efa,af53400c-5bdf-4266-8738-7f19fb16d857,de-DE,male,2022-09-15T07:16:11Z,39724,ListenForPhrasesGMMSession,lie,10,,mrh/64//64b2ba47-74e9-4b3f-8b12-0d5b8f364efa.xml,mrh/64//64b2ba47-74e9-4b3f-8b12-0d5b8f364efa.wav
660144eb-55c4-41d3-8d3b-9a3f08e5a410,531419b6-79b6-4b07-95f5-2532562b446c,de-DE,male,2022-09-12T21:12:50Z,147244,ListenForPhrasesGMMSession,Ich werde Tennis spielen.,10,,mrh/66//660144eb-55c4-41d3-8d3b-9a3f08e5a410.xml,mrh/66//660144eb-55c4-41d3-8d3b-9a3f08e5a410.wav
6611d3e5-67d0-43c9-a485-d98360392f71,0c74ab0c-ee9d-463f-b015-d52dadd3a58b,de-DE,male,2022-09-12T00:13:29Z,156204,ListenForPhrasesGMMSession,und jetzt kann ich ihn nicht mehr anschalten.,10,,mrh/66//6611d3e5-67d0-43c9-a485-d98360392f71.xml,mrh/66//6611d3e5-67d0-43c9-a485-d98360392f71.wav
6e42f341-0bb8-4356-9bbf-aaf38b31a190,1f389295-0449-471f-89c1-9707f66f8ca5,de-DE,male,2022-09-12T22:49:57Z,64044,ListenForPhrasesGMMSession,Das ist unsere Mutter.,10,,mrh/6e//6e42f341-0bb8-4356-9bbf-aaf38b31a190.xml,mrh/6e//6e42f341-0bb8-4356-9bbf-aaf38b31a190.wav
720dd8a0-f2b4-4563-b66d-538f5ce5b087,5ebce6bb-6bdc-4a9a-930c-60b9b44dc6fc,de-DE,male,2022-09-14T17:07:52Z,111404,ListenForPhrasesGMMSession,Du hast sechs belegte Brote gegessen!,10,,mrh/72//720dd8a0-f2b4-4563-b66d-538f5ce5b087.xml,mrh/72//720dd8a0-f2b4-4563-b66d-538f5ce5b087.wav
757bfd9b-eb8e-4403-9496-ec8b7173d784,28d676c3-037a-4a9f-9494-53a8e2b35b72,de-DE,male,2022-09-14T18:16:39Z,43564,ListenForPhrasesGMMSession,Er liest Deutsch.,10,,mrh/75//757bfd9b-eb8e-4403-9496-ec8b7173d784.xml,mrh/75//757bfd9b-eb8e-4403-9496-ec8b7173d784.wav
779df041-0709-4cca-964e-f59520bedfb8,aa32f419-d3d6-4761-aa64-743de2d80521,de-DE,male,2022-09-12T16:08:12Z,70444,ListenForPhrasesGMMSession,Wo ist die Toilette?,10,,mrh/77//779df041-0709-4cca-964e-f59520bedfb8.xml,mrh/77//779df041-0709-4cca-964e-f59520bedfb8.wav
77a537cc-915a-447c-a3bf-03a3fd4da538,318778e9-e967-4f75-abf7-96e84e0056d7,de-DE,male,2022-09-11T23:21:10Z,87724,ListenForPhrasesGMMSession,Dieser Student mag Musik.,10,,mrh/77//77a537cc-915a-447c-a3bf-03a3fd4da538.xml,mrh/77//77a537cc-915a-447c-a3bf-03a3fd4da538.wav
7bf1126b-0431-4217-a17c-d5e0ca9237ec,2d528950-2500-4997-a56a-dec569c4c17a,de-DE,male,2022-09-13T15:54:50Z,87084,ListenForPhrasesGMMSession,eine Frau und ihr Auto,10,,mrh/7b//7bf1126b-0431-4217-a17c-d5e0ca9237ec.xml,mrh/7b//7bf1126b-0431-4217-a17c-d5e0ca9237ec.wav
8053ad6f-7fa1-4e51-9d3a-049930131c94,e54d0287-a08f-464e-bada-ef92c276a432,de-DE,male,2022-09-12T23:10:03Z,94764,ListenForPhrasesGMMSession,Ich spreche Chinesisch.,10,,mrh/80//8053ad6f-7fa1-4e51-9d3a-049930131c94.xml,mrh/80//8053ad6f-7fa1-4e51-9d3a-049930131c94.wav
842e4158-b80d-4a86-87a8-a7bd0cf23a80,aea1f033-84ed-440b-83e1-72329ae26166,de-DE,male,2022-09-13T21:06:06Z,71724,ListenForPhrasesGMMSession,Dann können wir Skifahren.,10,,mrh/84//842e4158-b80d-4a86-87a8-a7bd0cf23a80.xml,mrh/84//842e4158-b80d-4a86-87a8-a7bd0cf23a80.wav
85033629-5aba-4d6a-a248-c3c5160c3753,0beef190-3890-44ca-b945-df1bb27e56ef,de-DE,male,2022-09-14T18:26:55Z,112044,ListenForPhrasesGMMSession,Guten Tag. Ich brauche bitte einen Stadtplan.,10,,mrh/85//85033629-5aba-4d6a-a248-c3c5160c3753.xml,mrh/85//85033629-5aba-4d6a-a248-c3c5160c3753.wav
88d932be-ce11-4654-9e82-de6e2a766e74,d498de15-6a99-45e9-be2b-f048dfe5e283,de-DE,male,2022-09-15T16:32:22Z,111404,ListenForPhrasesGMMSession,Ich habe noch Tomaten auf meinem Pritschenwagen.,10,,mrh/88//88d932be-ce11-4654-9e82-de6e2a766e74.xml,mrh/88//88d932be-ce11-4654-9e82-de6e2a766e74.wav
8908f520-9517-4cee-919b-2a711d424cfb,163c5034-7c3e-4eb3-8896-96d099e3b39b,de-DE,male,2022-09-13T06:13:47Z,62764,ListenForPhrasesGMMSession,Er schwimmt schlecht.,10,,mrh/89//8908f520-9517-4cee-919b-2a711d424cfb.xml,mrh/89//8908f520-9517-4cee-919b-2a711d424cfb.wav
893504a2-6f70-4253-9667-e11096f71566,d17c546d-0e3d-4d08-b6fe-f1963f183d1c,de-DE,male,2022-09-15T12:16:29Z,69164,ListenForPhrasesGMMSession,Das Mädchen trinkt.,10,,mrh/89//893504a2-6f70-4253-9667-e11096f71566.xml,mrh/89//893504a2-6f70-4253-9667-e11096f71566.wav
899d6793-7602-4c5e-9b5f-47b62d2112fc,9281ee1d-81b3-42ce-a20d-59a9afc9db5b,de-DE,male,2022-09-15T23:30:31Z,152364,ListenForPhrasesGMMSession,Die Kellnerin hat die Limetten in Viertel geschnitten.,10,,mrh/89//899d6793-7602-4c5e-9b5f-47b62d2112fc.xml,mrh/89//899d6793-7602-4c5e-9b5f-47b62d2112fc.wav
8b1cae5f-e524-496e-8c46-c27443b6a838,274d87e4-fa49-499d-8698-297b0117494e,de-DE,male,2022-09-14T22:17:03Z,46124,ListenForPhrasesGMMSession,Was ist das?,10,,mrh/8b//8b1cae5f-e524-496e-8c46-c27443b6a838.xml,mrh/8b//8b1cae5f-e524-496e-8c46-c27443b6a838.wav
8cd982ae-bda5-4212-8768-ab00bd11e392,cfee5751-d998-467a-8f22-989978d8da48,de-DE,male,2022-09-11T16:01:58Z,64044,ListenForPhrasesGMMSession,Jetzt spiele ich hier.,10,,mrh/8c//8cd982ae-bda5-4212-8768-ab00bd11e392.xml,mrh/8c//8cd982ae-bda5-4212-8768-ab00bd11e392.wav
8fc5d980-df26-42bd-8ca3-8a47018f0956,07cac1d0-0676-4beb-be50-b675124199c1,de-DE,male,2022-09-11T16:16:46Z,102444,ListenForPhrasesGMMSession,Ich möchte zum Stadion fahren,10,,mrh/8f//8fc5d980-df26-42bd-8ca3-8a47018f0956.xml,mrh/8f//8fc5d980-df26-42bd-8ca3-8a47018f0956.wav
9932d9dd-44c9-4478-89e6-e3b7d0162973,6f032c38-b79d-46d4-8e80-57aad8da28cf,de-DE,male,2022-09-14T22:55:03Z,38444,ListenForPhrasesGMMSession,Er isst.,10,,mrh/99//9932d9dd-44c9-4478-89e6-e3b7d0162973.xml,mrh/99//9932d9dd-44c9-4478-89e6-e3b7d0162973.wav
9ad9aaba-05ad-499a-99ef-32ff83fe2124,8d7a92b5-cefb-4f5d-b759-895cb066ba64,de-DE,male,2022-09-12T15:23:00Z,76844,ListenForPhrasesGMMSession,Er ist zum Supermarkt gegangen.,10,,mrh/9a//9ad9aaba-05ad-499a-99ef-32ff83fe2124.xml,mrh/9a//9ad9aaba-05ad-499a-99ef-32ff83fe2124.wav
a1c08126-fa71-416f-9d7a-261fb2476426,c535465c-ad4a-4a57-b776-1b13bd40925c,de-DE,male,2022-09-11T09:55:22Z,83884,ListenForPhrasesGMMSession,eine Holzschüssel,10,,mrh/a1//a1c08126-fa71-416f-9d7a-261fb2476426.xml,mrh/a1//a1c08126-fa71-416f-9d7a-261fb2476426.wav
ae104145-b129-4ac9-83a9-09b05073afa2,71f8bf3a-4a02-447b-a66f-76b57dcde483,de-DE,male,2022-09-14T05:58:29Z,207404,ListenForPhrasesGMMSession,Diese Maschine erntet den Mais.,10,,mrh/ae//ae104145-b129-4ac9-83a9-09b05073afa2.xml,mrh/ae//ae104145-b129-4ac9-83a9-09b05073afa2.wav
af95a323-ad18-410c-bf67-777d6c7651c7,cfee5751-d998-467a-8f22-989978d8da48,de-DE,male,2022-09-12T18:48:42Z,94764,ListenForPhrasesGMMSession,"Ja, am Donnerstag habe ich Zeit.",10,,mrh/af//af95a323-ad18-410c-bf67-777d6c7651c7.xml,mrh/af//af95a323-ad18-410c-bf67-777d6c7651c7.wav
b2dfe9b6-f444-49cd-b751-f0275dcb28ef,93f1f7b2-31ec-4f88-ad47-1b99a2ae290f,de-DE,male,2022-09-14T10:52:50Z,53804,ListenForPhrasesGMMSession,Er isst.,10,,mrh/b2//b2dfe9b6-f444-49cd-b751-f0275dcb28ef.xml,mrh/b2//b2dfe9b6-f444-49cd-b751-f0275dcb28ef.wav
b495aa1c-3598-44d7-982d-2615a2f32793,fa1d8ab6-1b52-4a52-b2e7-f34055b599e5,de-DE,male,2022-09-14T08:15:10Z,68524,ListenForPhrasesGMMSession,Was ist los?,10,,mrh/b4//b495aa1c-3598-44d7-982d-2615a2f32793.xml,mrh/b4//b495aa1c-3598-44d7-982d-2615a2f32793.wav
bcd85c30-2e5a-49e5-b4e9-662b21d3b3d8,6052ef59-3607-4b8c-b221-a50c2615c9fe,de-DE,male,2022-09-13T10:04:30Z,33324,ListenForPhrasesGMMSession,zehn,10,,mrh/bc//bcd85c30-2e5a-49e5-b4e9-662b21d3b3d8.xml,mrh/bc//bcd85c30-2e5a-49e5-b4e9-662b21d3b3d8.wav
c3e809fc-ad0a-472e-815e-b44453813103,5f3825d3-6156-4c25-ac04-59d854f3ff8a,de-DE,male,2022-09-14T15:13:33Z,151084,ListenForPhrasesGMMSession,Sie werden heute Nachmittag auf den Berg klettern.,10,,mrh/c3//c3e809fc-ad0a-472e-815e-b44453813103.xml,mrh/c3//c3e809fc-ad0a-472e-815e-b44453813103.wav
c571a35b-037c-41f0-afdf-7e3ba84e2e8c,32ddfe15-a8e0-44db-9b14-06e1d40fcaf4,de-DE,male,2022-09-12T17:19:02Z,23724,ListenForPhrasesGMMSession,A,10,,mrh/c5//c571a35b-037c-41f0-afdf-7e3ba84e2e8c.xml,mrh/c5//c571a35b-037c-41f0-afdf-7e3ba84e2e8c.wav
c99289a2-de29-43d1-8a9c-c853bd453236,92c57afd-890c-4688-907f-9f66b045f62f,de-DE,male,2022-09-14T13:15:48Z,70444,ListenForPhrasesGMMSession,Es ist Abend.,10,,mrh/c9//c99289a2-de29-43d1-8a9c-c853bd453236.xml,mrh/c9//c99289a2-de29-43d1-8a9c-c853bd453236.wav
ca17f681-7cc6-461e-b7a4-95e2e54a7002,6f032c38-b79d-46d4-8e80-57aad8da28cf,de-DE,male,2022-09-14T22:53:22Z,53804,ListenForPhrasesGMMSession,Sie essen.,10,,mrh/ca//ca17f681-7cc6-461e-b7a4-95e2e54a7002.xml,mrh/ca//ca17f681-7cc6-461e-b7a4-95e2e54a7002.wav
cb12475d-6697-4751-bc03-1d9550095e36,f995abc8-2d43-4478-b3b8-e094d7d5bcaa,de-DE,male,2022-09-12T22:41:34Z,48684,ListenForPhrasesGMMSession,Wo kommen Sie her?,10,,mrh/cb//cb12475d-6697-4751-bc03-1d9550095e36.xml,mrh/cb//cb12475d-6697-4751-bc03-1d9550095e36.wav
cb3d05fb-d6da-4dee-a3c3-580a207d664b,862e9ad3-ce7f-4f09-877c-c65a60df735a,de-DE,male,2022-09-14T13:14:43Z,46124,ListenForPhrasesGMMSession,der Strand,10,,mrh/cb//cb3d05fb-d6da-4dee-a3c3-580a207d664b.xml,mrh/cb//cb3d05fb-d6da-4dee-a3c3-580a207d664b.wav
ccea2a85-b74d-4ed4-b658-ba980d1539be,7ac43f72-52a5-4b17-9b9c-83f499e9480b,de-DE,male,2022-09-11T17:14:52Z,110124,ListenForPhrasesGMMSession,Die Männer sehen sich das Spiel im Fernsehen an.,10,,mrh/cc//ccea2a85-b74d-4ed4-b658-ba980d1539be.xml,mrh/cc//ccea2a85-b74d-4ed4-b658-ba980d1539be.wav
d08ff9cd-0a66-498b-b89c-c8f834d41cc7,4b172f0e-1257-4a07-a6dc-a8f83b8a8e58,de-DE,male,2022-09-12T20:30:12Z,412204,ListenForPhrasesGMMSession,Auf Wiedersehen.,10,,mrh/d0//d08ff9cd-0a66-498b-b89c-c8f834d41cc7.xml,mrh/d0//d08ff9cd-0a66-498b-b89c-c8f834d41cc7.wav
d27672dd-4c9d-435c-b1ab-eec4eb32801c,ae44235a-583e-4485-93f3-7b76ad233637,de-DE,male,2022-09-11T17:53:14Z,119084,ListenForPhrasesGMMSession,Warum trägst du einen Pullover?,10,,mrh/d2//d27672dd-4c9d-435c-b1ab-eec4eb32801c.xml,mrh/d2//d27672dd-4c9d-435c-b1ab-eec4eb32801c.wav
d3aa0da9-ea03-4a29-8f7e-27d826eb810d,f2dd809c-afd0-4ec6-9f69-1bb5de758d86,de-DE,male,2022-09-13T13:07:29Z,51244,ListenForPhrasesGMMSession,Es ist Morgen.,10,,mrh/d3//d3aa0da9-ea03-4a29-8f7e-27d826eb810d.xml,mrh/d3//d3aa0da9-ea03-4a29-8f7e-27d826eb810d.wav
d4522e66-32db-40b0-a98d-d024e7176184,92c57afd-890c-4688-907f-9f66b045f62f,de-DE,male,2022-09-15T12:54:10Z,78124,ListenForPhrasesGMMSession,Guten Morgen.,10,,mrh/d4//d4522e66-32db-40b0-a98d-d024e7176184.xml,mrh/d4//d4522e66-32db-40b0-a98d-d024e7176184.wav
d493760f-80ae-4e50-a687-82fcd7ad0cf3,799e220f-997f-4521-bed7-f35006034a10,de-DE,male,2022-09-13T02:24:34Z,46124,ListenForPhrasesGMMSession,Warum nicht?,10,,mrh/d4//d493760f-80ae-4e50-a687-82fcd7ad0cf3.xml,mrh/d4//d493760f-80ae-4e50-a687-82fcd7ad0cf3.wav
d7eac2d8-c19f-4a50-94ce-655fc3852a14,af7c41d1-034c-40ef-b464-4472d76c3ff5,de-DE,male,2022-09-11T06:33:43Z,71724,ListenForPhrasesGMMSession,die Frau,10,,mrh/d7//d7eac2d8-c19f-4a50-94ce-655fc3852a14.xml,mrh/d7//d7eac2d8-c19f-4a50-94ce-655fc3852a14.wav
d89d8e08-2581-428b-a95f-e6fc00def8f5,adee65ab-cbbd-46f7-8366-f496f5332e75,de-DE,male,2022-09-15T13:51:31Z,215084,ListenForPhrasesGMMSession,Entschuldigen Sie bitte. Ich möchte ein Buch kaufen. Wo ist die Buchhandlung?,10,,mrh/d8//d89d8e08-2581-428b-a95f-e6fc00def8f5.xml,mrh/d8//d89d8e08-2581-428b-a95f-e6fc00def8f5.wav
d8e19b7d-de3e-4241-8395-d41cc6e126bb,b6c53a8c-893e-429d-a6c8-ffb7c68a6bd4,de-DE,male,2022-09-13T03:50:49Z,84524,ListenForPhrasesGMMSession,Was ist los?,10,,mrh/d8//d8e19b7d-de3e-4241-8395-d41cc6e126bb.xml,mrh/d8//d8e19b7d-de3e-4241-8395-d41cc6e126bb.wav
dab84f0e-2172-42b9-a8bd-24fa8e7fc478,915fb2b6-b5a3-45ab-8493-08b712e0c3cd,de-DE,male,2022-09-13T17:05:26Z,112684,ListenForPhrasesGMMSession,Ihre Haare sind trocken.,10,,mrh/da//dab84f0e-2172-42b9-a8bd-24fa8e7fc478.xml,mrh/da//dab84f0e-2172-42b9-a8bd-24fa8e7fc478.wav
dc67ce75-189d-4aee-9394-8fb6fa554aa1,7c16b557-0417-4c99-9411-20b5d50b8e3b,de-DE,male,2022-09-13T16:05:28Z,32044,ListenForPhrasesGMMSession,"Hallo, Papa.",10,,mrh/dc//dc67ce75-189d-4aee-9394-8fb6fa554aa1.xml,mrh/dc//dc67ce75-189d-4aee-9394-8fb6fa554aa1.wav
dd2c1f27-16e5-4b40-8b72-96c287f38ac6,c787bd18-6321-4c00-b48e-228ee677029f,de-DE,male,2022-09-13T15:13:28Z,38444,ListenForPhrasesGMMSession,Er schwimmt.,10,,mrh/dd//dd2c1f27-16e5-4b40-8b72-96c287f38ac6.xml,mrh/dd//dd2c1f27-16e5-4b40-8b72-96c287f38ac6.wav
de2f45ac-ad44-4213-8746-639672830363,fe3319b1-79c3-40aa-8aaf-4cbcffd75a39,de-DE,male,2022-09-14T03:35:59Z,38444,ListenForPhrasesGMMSession,der Junge,10,,mrh/de//de2f45ac-ad44-4213-8746-639672830363.xml,mrh/de//de2f45ac-ad44-4213-8746-639672830363.wav
eb70ca41-8ded-410c-a2a3-8769830aa5c9,238a8aeb-f5e6-4bf3-81c0-c7e19eecf1b5,de-DE,male,2022-09-12T19:02:26Z,123564,ListenForPhrasesGMMSession,Trage die Eier nicht so.,10,,mrh/eb//eb70ca41-8ded-410c-a2a3-8769830aa5c9.xml,mrh/eb//eb70ca41-8ded-410c-a2a3-8769830aa5c9.wav
ee662b6f-0aa8-41bc-a202-91c4910ad8ee,e5ba28ff-b786-44e1-9d9b-fdc2ee9eeef8,de-DE,male,2022-09-14T16:47:52Z,105004,ListenForPhrasesGMMSession,Früher war sie Lehrerin.,10,,mrh/ee//ee662b6f-0aa8-41bc-a202-91c4910ad8ee.xml,mrh/ee//ee662b6f-0aa8-41bc-a202-91c4910ad8ee.wav
f0551466-0a46-4094-8c22-6e7f8fe22a66,82c68651-4ab8-402b-9738-c768dc18baa6,de-DE,male,2022-09-14T07:00:04Z,84524,ListenForPhrasesGMMSession,Die Sonnenbrille kostet zwanzig Euro.,10,,mrh/f0//f0551466-0a46-4094-8c22-6e7f8fe22a66.xml,mrh/f0//f0551466-0a46-4094-8c22-6e7f8fe22a66.wav
f54653a6-2449-4799-9d7d-c303647441fd,5d3a3b44-afb0-4b61-8e24-335796c4b8d2,de-DE,male,2022-09-15T14:45:30Z,130604,ListenForPhrasesGMMSession,Bücher,10,,mrh/f5//f54653a6-2449-4799-9d7d-c303647441fd.xml,mrh/f5//f54653a6-2449-4799-9d7d-c303647441fd.wav
f9cabf31-a84f-4956-80a3-f702114ad8f5,61a3f2eb-7e55-4f2a-8ce2-9da87a9da94e,de-DE,male,2022-09-13T17:54:45Z,28204,ListenForPhrasesGMMSession,drei,10,,mrh/f9//f9cabf31-a84f-4956-80a3-f702114ad8f5.xml,mrh/f9//f9cabf31-a84f-4956-80a3-f702114ad8f5.wav
fa888878-8c25-4ea3-a3f0-c380ead1639d,35ead1e1-da23-4a37-97d9-84998b48f78c,de-DE,male,2022-09-13T14:21:51Z,104364,ListenForPhrasesGMMSession,Wann werden wir Fußball spielen?,10,,mrh/fa//fa888878-8c25-4ea3-a3f0-c380ead1639d.xml,mrh/fa//fa888878-8c25-4ea3-a3f0-c380ead1639d.wav
